<?xml version="1.0" encoding="UTF-8"?>
<con:soapui-project id="d6429a08-4174-44ee-839a-b02294934363" activeEnvironment="Default" name="Submit2 SoapUI" resourceRoot="${projectDir}" soapui-version="5.7.0" abortOnError="false" runType="SEQUENTIAL" xmlns:con="http://eviware.com/soapui/config"><con:settings/><con:interface xsi:type="con:RestService" id="5e818d83-a83e-4247-aad6-d266225d3f5b" wadlVersion="http://wadl.dev.java.net/2009/02" name="https://api.faktoria.pl" type="rest" xmlns:xsi="http://www.w3.org/2001/XMLSchema-instance"><con:settings/><con:definitionCache/><con:endpoints><con:endpoint>https://api.faktoria.pl</con:endpoint></con:endpoints><con:resource name="Submit2" path="/fpay-sandbox/Submit2" id="1559fb73-8d66-4bd4-8ae0-5fc76e4fb283"><con:settings/><con:parameters><con:parameter><con:name>Ocp-Apim-Subscription-Key</con:name><con:value/><con:style>HEADER</con:style><con:default/><con:description xsi:nil="true"/></con:parameter></con:parameters><con:method name="Submit2 1" id="59e39679-125f-4ea7-bf24-5dc02386eb9b" method="POST"><con:settings/><con:parameters/><con:representation type="RESPONSE"><con:mediaType>application/json; charset=utf-8</con:mediaType><con:status>200</con:status><con:params/><con:element xmlns:sub="https://api.faktoria.pl/fpay-sandbox/Submit2">sub:Response</con:element></con:representation><con:representation type="REQUEST"><con:mediaType>application/json</con:mediaType><con:params/></con:representation><con:request name="Request 1" id="3f60971e-eed8-451c-9e78-3b4817b86bad" mediaType="application/json" postQueryString="false"><con:settings><con:setting id="com.eviware.soapui.impl.wsdl.WsdlRequest@request-headers">&lt;xml-fragment/></con:setting></con:settings><con:endpoint>https://api.faktoria.pl</con:endpoint><con:request>{
    "contractId": "FKT937337660",                   //Indywidualny numer FKT przekazany wiadomoscia
    "merchantId": "4174453685",                     //Indywidualny numer NIP przekazany wiadomoscia dot.sandbox
    "brokerId": "9324103648",                          //Identyfikator Posrednika/Integratora platnosci 
    "transactionId": "FV/76431/20",                  //Numer zamowienia
    "currency": "PLN",                                    	 //Waluta transakcji ,(na ten moment wylacznie PLN)
    "amount": 2000.28,                                  	 //Kwota transakcji
    "buyerId": "5094479513",                           //Opcjonalne
    "urlNotify": "Przykładowy webhook",        //Adres, na ktory wysylane jest powiadomienie Notify
    "toSendNotify": false,                              	//Zmiana na true wymaga wprowadzenia urlNotify powyzej
    "urlCancel": "https://faktoria.pl",                //Adres, na ktory nastapi przekierowanie po 
    "urlReturn": "https://spingo.pl",                 //Adres na ktory nastapi przekierowanie po pozytywnym zakonczeniu
    "maxAppTime": 60,                                   //Maksymalny czas trwania sesji
    "ip": "255.255.255.255",                           //Adres ip komputera klienta
    "orderId": "12345123451234512345",     //Niewymagany
    "splitPayment": false,                              //Niewymagany
    "vatAmount": 112.2,
    "vatAmountPln": 112.2
}</con:request><con:originalUri>https://api.faktoria.pl/fpay-sandbox/Submit2</con:originalUri><con:credentials><con:authType>No Authorization</con:authType></con:credentials><con:jmsConfig JMSDeliveryMode="PERSISTENT"/><con:jmsPropertyConfig/><con:parameters><entry key="Ocp-Apim-Subscription-Key" value="a37b6bc4fec142c88c57412287e049b3 " xmlns="http://eviware.com/soapui/config"/></con:parameters><con:parameterOrder><con:entry>Ocp-Apim-Subscription-Key</con:entry></con:parameterOrder></con:request></con:method></con:resource></con:interface><con:properties/><con:wssContainer/><con:oAuth2ProfileContainer/><con:oAuth1ProfileContainer/><con:sensitiveInformation/></con:soapui-project>